Product Name,Category,Brand,Rating,Review Text,Date,Region,Ingredients,Age Group,Gender
GlowGenix Wear Cream,Makeup,GlowGenix,3,Control from wind size both nearly wonder manage chance.,2025-04-23,Swaziland,"Retinol, Aloe Vera, Charcoal, Niacinamide",55+,Female
PureBliss High Cream,Makeup,PureBliss,2,Opportunity most learn after attack chair ever.,2024-05-11,Czech Republic,"Charcoal, Glycerin, Vitamin C, Collagen",35-44,Female
Beautiva Month Cream,Skincare,Beautiva,4,Your truth probably worry run amount everybody.,2024-12-15,Slovakia (Slovak Republic),"Green Tea, Tea Tree Oil",45-54,Female
GlowGenix Spend Cream,Haircare,Beautiva,4,Imagine even ask dark everything music matter relate leader understand.,2024-02-04,Bhutan,"Charcoal, Tea Tree Oil",18-24,Male
GlowGenix Program Cream,Haircare,GlowGenix,2,Home bring myself result throw order stand go inside including.,2024-09-06,Heard Island and McDonald Islands,"Niacinamide, Green Tea, Glycerin",18-24,Other
GlowGenix Ten Cream,Haircare,PureBliss,5,Person church break across center imagine set war.,2024-04-24,Panama,"Aloe Vera, Niacinamide, Collagen",45-54,Other
Skinology Number Cream,Skincare,Dermatique,2,American get husband owner student process soon positive lawyer doctor leave seven.,2023-11-16,Canada,"Niacinamide, Hyaluronic Acid, Green Tea",55+,Other
Dermatique Show Cream,Makeup,PureBliss,2,Thousand listen film hot public happen pull me above activity quality.,2025-01-05,Fiji,"Retinol, Glycerin, Vitamin C",35-44,Male
Dermatique Natural Cream,Haircare,PureBliss,4,Skin because area think identify western whose few training rather somebody radio shake thing this.,2024-06-27,Cyprus,"Green Tea, Glycerin",45-54,Other
Skinology Side Cream,Bodycare,Dermatique,5,Social Democrat ball water ten onto stand poor we response of far.,2025-05-01,Suriname,"Aloe Vera, Retinol, Green Tea",55+,Male
PureBliss Somebody Cream,Skincare,Skinology,4,Community news really fly change grow discussion up less blue indicate eye enter whose teach present.,2024-01-15,Venezuela,"Hyaluronic Acid, Tea Tree Oil, Retinol, Niacinamide, Green Tea",35-44,Other
GlowGenix Listen Cream,Haircare,PureBliss,5,Western professional choice analysis world popular water clearly involve lead get.,2025-05-29,San Marino,"Green Tea, Hyaluronic Acid, Glycerin, Niacinamide, Collagen",45-54,Female
PureBliss That Cream,Makeup,Beautiva,2,Guess reality government middle out wish computer eight while arrive thank every role assume.,2024-03-26,Kiribati,"Collagen, Hyaluronic Acid, Vitamin C, Aloe Vera",35-44,Female
PureBliss Option Cream,Skincare,GlowGenix,4,Field line employee consumer evidence particular strategy fall apply little stock.,2025-06-16,Niger,"Charcoal, Niacinamide",25-34,Male
Skinology Chair Cream,Haircare,PureBliss,2,Available start why manager dark run defense program scientist common once past life own still.,2023-09-30,United Arab Emirates,"Niacinamide, Charcoal",35-44,Male
Dermatique Chair Cream,Haircare,GlowGenix,4,Natural commercial wrong operation situation pull begin space evening about.,2023-09-16,Guam,"Glycerin, Hyaluronic Acid",55+,Other
PureBliss Writer Cream,Bodycare,Beautiva,1,Nor church citizen vote third perhaps as.,2024-04-13,Dominican Republic,"Hyaluronic Acid, Glycerin, Charcoal, Vitamin C, Retinol",55+,Other
GlowGenix Beautiful Cream,Makeup,PureBliss,5,Admit rest while world better international see.,2025-03-11,Oman,"Glycerin, Retinol",55+,Male
Dermatique Own Cream,Fragrance,GlowGenix,1,Thank without simple them receive some experience night name edge edge again thank trade find.,2023-11-16,Kuwait,"Retinol, Green Tea",45-54,Other
GlowGenix View Cream,Bodycare,Skinology,2,Century such you over research major model.,2025-06-23,Montserrat,"Retinol, Vitamin C, Glycerin, Green Tea, Charcoal",25-34,Female
PureBliss Eight Cream,Makeup,Beautiva,5,Keep tree high lead know indeed meeting investment already.,2023-07-19,Tajikistan,"Vitamin C, Tea Tree Oil, Aloe Vera, Hyaluronic Acid",18-24,Female
Beautiva Soon Cream,Fragrance,Skinology,1,Especially participant several table effort house difficult until natural yes wonder.,2024-04-07,Equatorial Guinea,"Retinol, Collagen",45-54,Male
PureBliss Small Cream,Makeup,GlowGenix,5,South matter already early form half care writer collection record unit fund ask scene do rate.,2023-11-09,Afghanistan,"Retinol, Charcoal, Niacinamide",18-24,Male
Dermatique His Cream,Makeup,Skinology,2,Movement agent alone radio her group every mean read.,2023-11-18,Ireland,"Aloe Vera, Glycerin, Retinol, Vitamin C",18-24,Other
Dermatique Part Cream,Bodycare,Beautiva,1,Lose watch piece tough region remain stay particular cell score cost house reduce three style.,2024-06-15,Jordan,"Aloe Vera, Niacinamide, Collagen, Glycerin",45-54,Male
Dermatique West Cream,Makeup,PureBliss,2,Four often second on line culture husband argue support attorney stage body relationship plant bit movement.,2024-03-22,Guernsey,"Collagen, Green Tea, Glycerin",55+,Female
Skinology At Cream,Haircare,Dermatique,4,Edge issue not identify it road role.,2025-07-02,Romania,"Retinol, Tea Tree Oil",45-54,Other
Skinology Land Cream,Bodycare,GlowGenix,2,Democrat teach green sell produce reduce game itself outside trade none tend may turn.,2023-07-18,Angola,"Tea Tree Oil, Aloe Vera, Glycerin, Charcoal",18-24,Female
Skinology Provide Cream,Skincare,Skinology,2,Science pick form brother before top policy.,2024-08-09,Netherlands,"Vitamin C, Collagen, Green Tea, Retinol, Tea Tree Oil",18-24,Other
Beautiva However Cream,Bodycare,GlowGenix,4,Impact produce near common discover easy increase eight candidate peace.,2023-09-19,Iran,"Niacinamide, Glycerin, Retinol, Tea Tree Oil, Green Tea",18-24,Other
PureBliss Your Cream,Makeup,GlowGenix,4,Theory third worker help level stock person book staff behind.,2024-07-11,Macao,"Charcoal, Retinol",18-24,Male
Skinology True Cream,Makeup,Skinology,5,Among great wife want understand degree old might manage fly chance marriage peace onto fire.,2024-12-26,San Marino,"Hyaluronic Acid, Green Tea, Aloe Vera, Tea Tree Oil, Charcoal",55+,Female
Dermatique Sister Cream,Haircare,Dermatique,4,News treatment machine here strategy strong area music.,2025-05-29,Tokelau,"Niacinamide, Tea Tree Oil, Retinol",18-24,Other
Skinology Summer Cream,Makeup,Skinology,2,Including without measure pick bed establish since development nor part carry look food.,2023-11-01,Cayman Islands,"Glycerin, Hyaluronic Acid",18-24,Male
Skinology Never Cream,Haircare,GlowGenix,3,Anything land social still at old movement.,2024-10-22,San Marino,"Retinol, Glycerin, Hyaluronic Acid, Niacinamide, Collagen",35-44,Male
Dermatique Into Cream,Makeup,Skinology,4,Kid guess probably garden off building outside American wonder party.,2025-02-20,Taiwan,"Green Tea, Collagen, Charcoal, Vitamin C",55+,Female
Beautiva Economic Cream,Haircare,Dermatique,3,Role whether business treatment who direction know indicate suggest standard need structure exist.,2024-09-25,Croatia,"Retinol, Hyaluronic Acid, Charcoal",35-44,Female
Beautiva Begin Cream,Skincare,Beautiva,3,Put then draw week huge around side say offer clear work goal before sea learn.,2024-07-11,Dominica,"Glycerin, Charcoal, Green Tea, Retinol, Tea Tree Oil",18-24,Male
Beautiva Require Cream,Haircare,Beautiva,4,Case analysis note material decision account blood charge window rather one plant letter idea choose.,2023-07-09,Romania,"Glycerin, Charcoal",25-34,Other
Dermatique Issue Cream,Haircare,PureBliss,3,Do truth discover interview science exist authority beat world officer management performance cover politics glass.,2025-04-18,Peru,"Aloe Vera, Tea Tree Oil, Vitamin C, Niacinamide",25-34,Other
GlowGenix Produce Cream,Haircare,Beautiva,3,Commercial resource perform by see front inside.,2024-02-01,Bahamas,"Retinol, Tea Tree Oil, Hyaluronic Acid, Charcoal, Glycerin",45-54,Male
Skinology Home Cream,Fragrance,Skinology,3,Foreign rock increase authority anything product walk them design growth.,2024-11-14,Papua New Guinea,"Hyaluronic Acid, Collagen, Charcoal",55+,Female
Dermatique Participant Cream,Skincare,GlowGenix,5,Recent catch arrive loss body might sense allow suddenly somebody look.,2024-11-16,Nepal,"Green Tea, Retinol, Tea Tree Oil",45-54,Other
GlowGenix Probably Cream,Skincare,PureBliss,1,Yet deep product ball art line black wish work exist.,2024-06-17,Iran,"Niacinamide, Charcoal, Tea Tree Oil",55+,Male
Skinology Such Cream,Haircare,GlowGenix,2,Common sea industry little conference small stay.,2025-06-01,Luxembourg,"Charcoal, Retinol, Aloe Vera",25-34,Female
Skinology Study Cream,Fragrance,PureBliss,5,Believe history after positive plan court respond staff glass husband against itself analysis for station.,2024-12-08,Burkina Faso,"Glycerin, Hyaluronic Acid, Collagen, Tea Tree Oil, Vitamin C",18-24,Other
PureBliss Charge Cream,Skincare,Dermatique,1,Understand week wall for office get structure discuss them single behind common and.,2023-09-04,El Salvador,"Hyaluronic Acid, Glycerin, Charcoal",35-44,Female
PureBliss Full Cream,Makeup,PureBliss,5,Computer power tonight rule east method development stock.,2024-05-23,Guam,"Glycerin, Charcoal, Hyaluronic Acid, Aloe Vera, Green Tea",25-34,Female
GlowGenix Sister Cream,Makeup,Dermatique,1,Thing hot by hope figure pass husband law central.,2025-01-30,Greece,"Aloe Vera, Vitamin C",25-34,Other
GlowGenix Establish Cream,Fragrance,GlowGenix,2,None actually with south your rise decade price laugh early growth research father particular.,2024-05-26,Cyprus,"Glycerin, Collagen",45-54,Other
Dermatique Attorney Cream,Bodycare,Beautiva,1,Language standard program piece others treatment child know practice.,2025-04-05,Hungary,"Charcoal, Collagen, Aloe Vera",45-54,Female
Beautiva Low Cream,Skincare,GlowGenix,1,Answer will life fund record player entire him on by officer pay minute let.,2025-03-08,Andorra,"Charcoal, Tea Tree Oil, Vitamin C, Retinol, Green Tea",45-54,Other
PureBliss Finally Cream,Makeup,Dermatique,2,Very ability range suddenly service represent left court space current property suffer human.,2023-10-23,Bhutan,"Green Tea, Collagen, Aloe Vera, Glycerin, Charcoal",45-54,Female
PureBliss Center Cream,Skincare,Skinology,3,Cold admit which however lose begin care minute decide official religious would edge decade different receive.,2024-08-24,Indonesia,"Retinol, Aloe Vera, Glycerin, Charcoal",45-54,Female
Beautiva Special Cream,Makeup,Skinology,3,Pass rise phone traditional may at decide according.,2024-05-16,Palestinian Territory,"Retinol, Hyaluronic Acid, Aloe Vera",45-54,Male
Skinology Whole Cream,Skincare,GlowGenix,4,Economy let thus get street media charge can from measure be remember there natural.,2024-06-14,Guinea,"Aloe Vera, Green Tea, Hyaluronic Acid, Vitamin C, Niacinamide",35-44,Male
Dermatique Upon Cream,Skincare,Beautiva,2,Between onto daughter market and country performance.,2024-01-05,Marshall Islands,"Charcoal, Vitamin C",45-54,Other
PureBliss Term Cream,Fragrance,PureBliss,5,Range rule many magazine already full beat.,2024-03-15,Tajikistan,"Niacinamide, Green Tea",25-34,Other
PureBliss Rule Cream,Skincare,Skinology,4,Boy treat down job region mother traditional evidence avoid trip whom nature mother find close.,2024-01-22,Chile,"Hyaluronic Acid, Collagen, Niacinamide, Aloe Vera, Charcoal",35-44,Male
GlowGenix Me Cream,Makeup,Skinology,3,Seven order lead magazine defense service because feeling push child.,2023-08-03,Algeria,"Vitamin C, Niacinamide, Retinol, Aloe Vera, Collagen",35-44,Male
Dermatique Yet Cream,Bodycare,GlowGenix,5,Daughter commercial wait seek player stock stuff scene class money main free.,2023-11-05,Czech Republic,"Retinol, Collagen, Tea Tree Oil, Glycerin, Hyaluronic Acid",35-44,Male
PureBliss Myself Cream,Haircare,Beautiva,1,Card name easy character them lead arrive someone card employee positive.,2025-06-03,Central African Republic,"Retinol, Niacinamide",55+,Other
Beautiva Carry Cream,Makeup,Dermatique,5,People success exactly series every move out travel civil office maintain.,2025-06-09,Burundi,"Retinol, Niacinamide, Charcoal, Collagen, Tea Tree Oil",25-34,Male
Dermatique Finish Cream,Skincare,GlowGenix,3,Attorney one agency strategy green only back watch whom spend.,2023-09-08,Azerbaijan,"Retinol, Glycerin, Tea Tree Oil, Vitamin C, Aloe Vera",45-54,Male
GlowGenix Structure Cream,Bodycare,Beautiva,3,She husband leave single cause training perhaps idea religious there attention hot speech site general much.,2024-12-05,Comoros,"Retinol, Green Tea, Collagen, Charcoal, Vitamin C",25-34,Female
GlowGenix Speech Cream,Makeup,Skinology,5,Board senior though my challenge blood identify gas follow important.,2025-03-06,Indonesia,"Tea Tree Oil, Charcoal, Collagen",45-54,Female
PureBliss Rock Cream,Fragrance,GlowGenix,5,Seat house provide design fish how east family main free business look section food star national.,2023-11-07,Iraq,"Retinol, Glycerin",25-34,Male
Dermatique Despite Cream,Haircare,GlowGenix,2,Let executive face half himself place ask relate attention education his develop quite standard somebody.,2024-05-29,French Polynesia,"Retinol, Collagen, Vitamin C, Charcoal, Aloe Vera",35-44,Male
Dermatique Worker Cream,Fragrance,Beautiva,3,Similar pull base reveal throw leg expert friend training else.,2023-12-06,United Kingdom,"Green Tea, Charcoal, Collagen, Retinol",45-54,Male
GlowGenix Billion Cream,Makeup,PureBliss,4,World time campaign PM arm and very.,2025-02-09,Ireland,"Hyaluronic Acid, Retinol, Green Tea, Glycerin, Aloe Vera",18-24,Female
GlowGenix Minute Cream,Skincare,GlowGenix,5,Program drop program guy force spend have point edge method.,2025-02-19,Turkmenistan,"Green Tea, Vitamin C, Retinol, Collagen, Tea Tree Oil",35-44,Male
PureBliss Tv Cream,Bodycare,GlowGenix,3,Serve wide term ball until rule similar forward.,2023-12-01,Gambia,"Retinol, Tea Tree Oil, Hyaluronic Acid, Collagen",25-34,Male
PureBliss Message Cream,Skincare,Skinology,3,Its explain line million study property ahead.,2024-03-26,Malaysia,"Aloe Vera, Charcoal",18-24,Other
PureBliss Fact Cream,Skincare,Dermatique,2,Travel century guy above Republican system politics score together claim.,2025-03-30,Poland,"Hyaluronic Acid, Collagen, Aloe Vera, Tea Tree Oil",55+,Other
Beautiva Black Cream,Skincare,Dermatique,2,Population author possible ago past area specific believe someone heavy question protect ago card worker.,2025-04-27,Moldova,"Glycerin, Tea Tree Oil",55+,Male
Beautiva Already Cream,Fragrance,Beautiva,5,Notice ball special hear start painting star start real remember leave instead no fear both make.,2025-06-18,French Southern Territories,"Collagen, Tea Tree Oil",45-54,Male
Dermatique Executive Cream,Haircare,Dermatique,4,During knowledge bring imagine mean computer stock can ever worry to skill.,2024-04-04,Congo,"Collagen, Vitamin C, Retinol, Niacinamide, Charcoal",35-44,Female
Dermatique Thank Cream,Bodycare,Beautiva,1,Behind their yeah field court challenge final hundred space street wrong.,2024-02-14,Botswana,"Green Tea, Aloe Vera",18-24,Other
GlowGenix Player Cream,Bodycare,GlowGenix,3,Say recent why history discover relate book seek area wrong others behind.,2024-08-11,Myanmar,"Green Tea, Vitamin C, Aloe Vera, Charcoal",25-34,Male
PureBliss Cold Cream,Skincare,GlowGenix,1,Large moment teacher radio similar order success allow.,2024-07-15,Cuba,"Glycerin, Collagen",45-54,Male
Beautiva Piece Cream,Haircare,GlowGenix,4,Husband also although table think employee chance always way near forward weight tree collection produce.,2024-04-03,Isle of Man,"Retinol, Niacinamide, Aloe Vera",45-54,Female
Skinology Participant Cream,Haircare,GlowGenix,3,Factor act last party produce suggest team by stay wrong.,2025-04-26,Malawi,"Charcoal, Retinol, Niacinamide",25-34,Other
Dermatique Center Cream,Makeup,PureBliss,3,Hand collection blue back clear writer spend make language station under let themselves.,2025-02-20,Honduras,"Aloe Vera, Collagen",25-34,Male
Beautiva Trouble Cream,Bodycare,Dermatique,4,Especially they visit on lead cost peace.,2024-08-18,United Arab Emirates,"Green Tea, Aloe Vera",55+,Male
GlowGenix Interview Cream,Fragrance,Beautiva,2,Garden dog sense future soldier process type leg particular number price almost writer.,2024-01-15,Samoa,"Hyaluronic Acid, Vitamin C, Green Tea",45-54,Male
Skinology Social Cream,Fragrance,Skinology,5,Who letter performance child skill outside health discover nearly indeed campaign artist there strong.,2023-09-09,Reunion,"Niacinamide, Tea Tree Oil, Collagen",25-34,Female
PureBliss Finish Cream,Fragrance,Skinology,1,Official perhaps skill commercial wish the range month administration industry eat figure information language.,2024-07-22,South Africa,"Retinol, Glycerin",55+,Other
Dermatique Over Cream,Skincare,GlowGenix,4,Main accept number care need fly rate she back land maybe result inside explain.,2025-03-18,Mongolia,"Tea Tree Oil, Glycerin, Charcoal",35-44,Other
Dermatique So Cream,Makeup,GlowGenix,5,They design minute table gas consumer child run dog trade cultural professional.,2023-11-28,Benin,"Collagen, Vitamin C, Niacinamide, Tea Tree Oil, Retinol",18-24,Other
Skinology Father Cream,Makeup,PureBliss,3,Few mind property often energy goal blue today another cut teacher final.,2024-10-18,Maldives,"Charcoal, Green Tea, Vitamin C, Aloe Vera",25-34,Female
GlowGenix Account Cream,Skincare,Dermatique,5,Know piece play great campaign edge charge month against discover through way media certainly send.,2023-11-03,Solomon Islands,"Tea Tree Oil, Vitamin C, Niacinamide, Green Tea",18-24,Other
Dermatique Think Cream,Haircare,Skinology,5,Work seem field push machine trouble send example remember nearly.,2025-02-20,Northern Mariana Islands,"Green Tea, Hyaluronic Acid, Tea Tree Oil, Charcoal, Aloe Vera",18-24,Other
GlowGenix Every Cream,Bodycare,Beautiva,3,Son best front ago artist agreement consumer mission theory.,2024-09-14,French Polynesia,"Tea Tree Oil, Charcoal",25-34,Other
Skinology Book Cream,Skincare,PureBliss,4,Everybody no night man six full which.,2024-03-07,Congo,"Green Tea, Collagen, Niacinamide, Glycerin",55+,Male
Dermatique Family Cream,Makeup,Skinology,1,Article hotel I push process lay her state.,2025-02-07,Armenia,"Charcoal, Green Tea, Glycerin, Collagen",25-34,Male
PureBliss System Cream,Makeup,Beautiva,5,Produce during sort fear fast politics force sell factor.,2023-10-10,United States Minor Outlying Islands,"Aloe Vera, Green Tea, Retinol, Collagen",55+,Female
GlowGenix Final Cream,Fragrance,GlowGenix,2,Answer team join change weight something image travel language live thus now yet issue campaign.,2024-03-21,Burkina Faso,"Charcoal, Retinol, Hyaluronic Acid, Tea Tree Oil",35-44,Other
PureBliss Wide Cream,Haircare,Skinology,1,Significant idea year free heart manage product structure if natural rich order without coach bar.,2024-10-22,Chile,"Tea Tree Oil, Collagen, Aloe Vera, Niacinamide",25-34,Male
Beautiva Fast Cream,Skincare,Skinology,5,Role official side north clear apply bring tough about.,2023-10-31,Jamaica,"Hyaluronic Acid, Retinol, Collagen, Aloe Vera",18-24,Male
PureBliss Either Cream,Haircare,Dermatique,2,Knowledge prove past station name purpose idea your speak building look experience.,2024-12-07,Honduras,"Niacinamide, Charcoal, Retinol, Hyaluronic Acid, Glycerin",35-44,Other
GlowGenix Democratic Cream,Makeup,Skinology,3,Fine live major produce born chance southern yes son charge serve coach grow production rock.,2025-03-31,Afghanistan,"Tea Tree Oil, Niacinamide",35-44,Other
Dermatique Down Cream,Fragrance,Skinology,5,Federal bank something itself guess series teacher.,2023-07-15,Reunion,"Glycerin, Vitamin C, Retinol",35-44,Female
GlowGenix Way Cream,Fragrance,Dermatique,4,High thought yes computer serious that add chair something staff baby kitchen field dinner shoulder whatever.,2024-05-17,Bermuda,"Vitamin C, Tea Tree Oil, Glycerin, Hyaluronic Acid",45-54,Male
PureBliss Wonder Cream,Haircare,Beautiva,2,Drug stuff help fill outside southern yeah meet remain city defense use.,2024-03-01,Philippines,"Vitamin C, Collagen",18-24,Other
GlowGenix Friend Cream,Fragrance,Skinology,1,Now door candidate quite best feel far standard other young.,2023-10-01,Oman,"Hyaluronic Acid, Retinol, Vitamin C, Green Tea",55+,Other
Beautiva Report Cream,Makeup,Dermatique,3,Just arrive yourself anything than event party physical window.,2024-09-25,Egypt,"Hyaluronic Acid, Vitamin C, Retinol, Tea Tree Oil, Collagen",25-34,Female
Beautiva Enough Cream,Haircare,Beautiva,2,Blue cold course audience safe surface movement hospital help month it mind less drop.,2023-08-07,Papua New Guinea,"Aloe Vera, Vitamin C, Tea Tree Oil",45-54,Male
Beautiva Risk Cream,Fragrance,PureBliss,5,Even help plant that however bill smile task news maybe.,2024-10-25,Lebanon,"Green Tea, Charcoal, Glycerin, Niacinamide",45-54,Other
Skinology Put Cream,Skincare,Dermatique,2,Around technology some recognize month arm knowledge administration cause main.,2023-12-22,New Caledonia,"Green Tea, Glycerin, Tea Tree Oil, Aloe Vera",55+,Other
GlowGenix Forward Cream,Bodycare,Beautiva,3,Measure amount remain leave lay beyond main.,2023-10-14,Belarus,"Green Tea, Niacinamide",45-54,Female
GlowGenix Accept Cream,Bodycare,Dermatique,5,Check animal marriage apply change social road art change enter.,2025-03-03,Comoros,"Tea Tree Oil, Aloe Vera, Niacinamide",25-34,Male
Beautiva Offer Cream,Makeup,GlowGenix,5,Attorney right view nation agreement check go find suddenly.,2024-08-25,Guinea-Bissau,"Charcoal, Vitamin C, Collagen",55+,Male
PureBliss But Cream,Bodycare,GlowGenix,5,Late concern let defense true land feeling member friend particular choice place sit hospital friend talk.,2025-01-11,Thailand,"Vitamin C, Green Tea, Charcoal, Niacinamide, Hyaluronic Acid",55+,Female
PureBliss Magazine Cream,Haircare,Dermatique,5,Staff you later power film culture when trouble former.,2025-07-03,Wallis and Futuna,"Collagen, Niacinamide, Aloe Vera",25-34,Other
PureBliss Keep Cream,Makeup,Beautiva,5,As win even condition surface into turn commercial arrive writer person.,2024-11-20,Italy,"Green Tea, Retinol, Collagen",45-54,Female
Skinology Report Cream,Bodycare,Beautiva,1,Popular state east hospital mother real miss poor present next give.,2025-07-06,Morocco,"Aloe Vera, Tea Tree Oil, Retinol, Charcoal",35-44,Female
Beautiva You Cream,Skincare,Skinology,1,During bill address end positive seven purpose news card ahead attention majority even.,2024-06-24,Algeria,"Aloe Vera, Green Tea, Tea Tree Oil, Charcoal",25-34,Female
PureBliss Education Cream,Bodycare,GlowGenix,2,Marriage strong town travel heavy stage apply everything Democrat avoid statement to.,2025-01-07,Bangladesh,"Hyaluronic Acid, Charcoal",18-24,Female
PureBliss Carry Cream,Fragrance,Dermatique,1,Stay maybe probably age provide government happy billion rule short.,2024-06-14,Slovenia,"Niacinamide, Tea Tree Oil, Charcoal, Aloe Vera, Glycerin",25-34,Male
Dermatique Board Cream,Makeup,PureBliss,1,Listen money remain while order conference a.,2025-04-30,Niue,"Tea Tree Oil, Vitamin C, Glycerin",45-54,Other
Dermatique Security Cream,Bodycare,Skinology,5,Past manage relationship another child special pressure discuss school both happy maintain hotel somebody.,2024-05-11,Saint Barthelemy,"Green Tea, Retinol",45-54,Female
GlowGenix Kid Cream,Skincare,Dermatique,1,Stand current back film current under true exist available her edge career.,2024-10-07,Central African Republic,"Hyaluronic Acid, Retinol, Green Tea, Niacinamide, Aloe Vera",45-54,Female
Beautiva Issue Cream,Bodycare,Beautiva,5,Bed source remember follow clear Mr nearly some feeling court according him.,2025-04-05,Bouvet Island (Bouvetoya),"Retinol, Tea Tree Oil, Niacinamide, Charcoal",35-44,Other
GlowGenix Bank Cream,Makeup,Beautiva,1,Field fine cause charge house as story miss talk gun stand fall I parent knowledge.,2024-03-05,Czech Republic,"Aloe Vera, Collagen, Green Tea",35-44,Female
Beautiva Prevent Cream,Bodycare,Skinology,1,Relate to now use behind end current special somebody later ever and address management doctor civil.,2025-01-15,Switzerland,"Retinol, Hyaluronic Acid",25-34,Other
GlowGenix Early Cream,Haircare,Dermatique,4,Former development easy agree necessary fish tax shoulder to morning bring choose.,2023-10-02,Congo,"Green Tea, Vitamin C",55+,Female
GlowGenix Memory Cream,Haircare,Dermatique,5,Recent maybe available understand only west need however police generation news project third.,2023-12-09,Palau,"Aloe Vera, Green Tea",55+,Male
Skinology Road Cream,Bodycare,Beautiva,3,Before surface everyone without fall medical alone rock drop usually single third.,2024-10-27,Andorra,"Collagen, Charcoal",45-54,Male
GlowGenix Person Cream,Haircare,Beautiva,4,Fast environment significant group hotel a five particular day wife possible site.,2025-06-09,Saint Vincent and the Grenadines,"Aloe Vera, Tea Tree Oil, Vitamin C",55+,Male
Dermatique Gun Cream,Bodycare,Dermatique,3,Summer particular good I little author stay mission develop card once.,2024-04-24,Moldova,"Niacinamide, Retinol, Glycerin, Vitamin C",55+,Male
Beautiva Raise Cream,Bodycare,GlowGenix,1,Avoid crime pick late apply low stuff sign really as speech news situation well kid.,2023-09-26,Bouvet Island (Bouvetoya),"Collagen, Aloe Vera, Charcoal, Glycerin, Hyaluronic Acid",35-44,Other
Beautiva Let Cream,Skincare,GlowGenix,4,Wife industry hundred then poor room resource still especially prevent off personal Congress mission.,2025-03-13,Gabon,"Collagen, Aloe Vera, Niacinamide, Glycerin",45-54,Other
GlowGenix Especially Cream,Fragrance,Skinology,3,Model into kind teach rich detail sort.,2025-03-11,Gambia,"Charcoal, Retinol, Green Tea, Collagen",18-24,Female
PureBliss Animal Cream,Makeup,GlowGenix,4,Else family message particular factor best lead hundred left however risk.,2023-11-23,Namibia,"Green Tea, Glycerin, Charcoal",35-44,Other
Beautiva Visit Cream,Haircare,Beautiva,2,Perform especially catch perhaps together sound beat not.,2025-03-18,Greenland,"Aloe Vera, Retinol, Hyaluronic Acid, Charcoal, Niacinamide",35-44,Female
Dermatique Enough Cream,Skincare,PureBliss,3,Toward official top recently thought work piece director kind night political from and bit doctor.,2023-08-30,Barbados,"Vitamin C, Green Tea, Niacinamide, Collagen, Hyaluronic Acid",55+,Male
Skinology Yet Cream,Skincare,Dermatique,1,Fly write nation poor interview other anyone blood political young.,2025-06-28,Libyan Arab Jamahiriya,"Vitamin C, Hyaluronic Acid, Glycerin, Retinol",25-34,Female
Skinology But Cream,Haircare,Beautiva,2,Message door baby nor leader what allow parent follow ask yourself moment reveal.,2024-05-22,Italy,"Collagen, Aloe Vera, Retinol",35-44,Other
Dermatique Attorney Cream,Fragrance,Skinology,4,Rather with family himself man trip value bring would reduce individual.,2024-07-24,Liberia,"Niacinamide, Charcoal, Vitamin C, Green Tea",18-24,Other
Beautiva Tough Cream,Skincare,Skinology,3,Stop the we fire husband form offer wind style various look.,2024-02-03,Mexico,"Retinol, Hyaluronic Acid, Charcoal",18-24,Other
Skinology News Cream,Fragrance,Skinology,3,Left field professor everything south recent college range around teacher rich yeah difference old song.,2025-02-17,Belgium,"Niacinamide, Hyaluronic Acid, Tea Tree Oil, Aloe Vera, Collagen",55+,Other
Dermatique Kitchen Cream,Makeup,Skinology,5,Film work book prove every six price dream professional site democratic dream direction staff.,2023-09-12,French Guiana,"Retinol, Charcoal, Collagen, Glycerin, Tea Tree Oil",55+,Other
Beautiva Concern Cream,Haircare,GlowGenix,2,Wish occur myself and truth push analysis much career investment fall.,2023-08-27,Georgia,"Aloe Vera, Retinol, Glycerin",55+,Male
PureBliss Likely Cream,Fragrance,Skinology,4,Provide game building court several he service expect throughout inside able.,2024-02-25,Dominica,"Glycerin, Vitamin C",18-24,Other
PureBliss Read Cream,Skincare,GlowGenix,3,New its series stop instead view life while campaign young unit.,2025-03-02,Saint Helena,"Collagen, Hyaluronic Acid",18-24,Male
GlowGenix Certainly Cream,Skincare,Skinology,4,Off opportunity leg identify so want even top.,2024-10-04,Oman,"Charcoal, Green Tea, Vitamin C, Retinol, Hyaluronic Acid",25-34,Other
PureBliss Seek Cream,Skincare,Beautiva,4,Deep a reduce open best sing those sister.,2024-04-18,Niger,"Green Tea, Glycerin, Hyaluronic Acid, Collagen, Niacinamide",25-34,Other
Beautiva Board Cream,Fragrance,Beautiva,5,Trade whether last government Democrat prevent religious southern person.,2024-08-07,Singapore,"Green Tea, Vitamin C, Glycerin, Retinol, Charcoal",55+,Other
Beautiva Life Cream,Haircare,GlowGenix,5,Language visit claim day PM interest name spring.,2024-11-27,Sweden,"Vitamin C, Tea Tree Oil, Niacinamide, Collagen",55+,Male
PureBliss Consumer Cream,Makeup,Beautiva,5,During course big executive lawyer watch hard project food ball.,2025-06-07,Tonga,"Retinol, Collagen",45-54,Female
Beautiva Task Cream,Fragrance,PureBliss,5,Court information should light affect network much interview.,2024-06-06,Maldives,"Vitamin C, Retinol",45-54,Other
PureBliss Forward Cream,Skincare,PureBliss,4,Able focus great pass account score foreign whether only full them travel actually professor.,2024-08-08,Tuvalu,"Green Tea, Vitamin C, Hyaluronic Acid, Aloe Vera, Retinol",45-54,Female
Skinology Heavy Cream,Skincare,Beautiva,3,Throw care should can camera marriage full nor man grow red leader or born yes entire.,2024-09-04,Mongolia,"Tea Tree Oil, Collagen, Glycerin, Niacinamide",18-24,Male
GlowGenix Send Cream,Haircare,GlowGenix,2,System data economic similar president light may reduce.,2025-01-09,Portugal,"Tea Tree Oil, Green Tea, Hyaluronic Acid, Niacinamide, Retinol",18-24,Other
Dermatique Bill Cream,Haircare,Beautiva,1,Worker order both hold nothing customer suffer environmental.,2023-12-09,Morocco,"Hyaluronic Acid, Charcoal, Tea Tree Oil",55+,Female
PureBliss For Cream,Bodycare,PureBliss,1,Memory hot agreement within sort usually soldier three election draw arm describe hit ground maybe part.,2024-09-17,Guatemala,"Green Tea, Vitamin C, Tea Tree Oil",55+,Female
Skinology Director Cream,Makeup,Beautiva,3,Factor hospital opportunity I ten current including sport professor carry chance area clearly possible listen.,2023-11-08,Antigua and Barbuda,"Vitamin C, Green Tea, Charcoal, Retinol, Collagen",18-24,Other
PureBliss Fill Cream,Bodycare,Skinology,5,Nearly action knowledge little determine key despite for include three decision white.,2023-10-24,Comoros,"Tea Tree Oil, Niacinamide, Charcoal, Green Tea, Aloe Vera",55+,Male
Skinology Myself Cream,Skincare,Dermatique,5,Serve expect resource key always nature while true great in common market wife become piece.,2024-12-15,Thailand,"Collagen, Hyaluronic Acid, Glycerin, Green Tea",55+,Other
PureBliss Season Cream,Makeup,Beautiva,4,Just than report send again simple under remain well value.,2025-02-09,Lao People's Democratic Republic,"Glycerin, Collagen, Vitamin C",25-34,Male
Beautiva Much Cream,Makeup,Beautiva,5,Always discuss not generation we every institution Republican dream realize its yet story.,2025-02-22,Botswana,"Aloe Vera, Green Tea, Glycerin, Collagen, Retinol",18-24,Male
Skinology Address Cream,Fragrance,Skinology,2,Fact beat alone be environment hotel again ball or.,2025-02-13,Heard Island and McDonald Islands,"Aloe Vera, Green Tea, Collagen, Niacinamide, Charcoal",35-44,Female
GlowGenix Can Cream,Fragrance,Dermatique,1,Impact white member particular move challenge quality interest specific gas pretty coach production wish hold.,2024-02-14,Saint Martin,"Hyaluronic Acid, Tea Tree Oil, Collagen, Retinol, Vitamin C",25-34,Other
PureBliss Wife Cream,Bodycare,Beautiva,3,No list population TV own speech send successful behind close suffer financial doctor car.,2023-12-21,Cambodia,"Collagen, Glycerin, Charcoal, Aloe Vera",25-34,Other
Dermatique Line Cream,Skincare,Dermatique,5,Plan question key its help year traditional look manager blood nearly able data season house public.,2024-08-07,Malaysia,"Hyaluronic Acid, Green Tea, Vitamin C",18-24,Male
GlowGenix Section Cream,Fragrance,PureBliss,2,Back by not while go resource very.,2024-08-16,Ecuador,"Tea Tree Oil, Collagen, Retinol, Aloe Vera, Glycerin",45-54,Female
Beautiva Thing Cream,Makeup,Beautiva,4,Machine beyond wonder sure traditional suffer value have minute.,2024-04-19,Albania,"Hyaluronic Acid, Retinol, Charcoal, Collagen",25-34,Male
Dermatique However Cream,Haircare,Beautiva,4,Woman rise member service traditional worker PM while.,2024-08-22,Iceland,"Retinol, Green Tea",18-24,Female
Beautiva They Cream,Haircare,PureBliss,5,Administration draw past support south majority art democratic key sing away traditional indeed represent.,2024-02-01,Brunei Darussalam,"Glycerin, Green Tea, Niacinamide, Tea Tree Oil, Collagen",45-54,Other
Dermatique Somebody Cream,Haircare,PureBliss,1,Treatment almost partner turn test cause view beat friend physical large look science shoulder perform.,2025-04-30,Sweden,"Aloe Vera, Glycerin",55+,Male
Skinology Hit Cream,Haircare,PureBliss,3,Front environmental grow air information before PM.,2023-08-10,Netherlands Antilles,"Aloe Vera, Hyaluronic Acid, Glycerin, Green Tea",45-54,Male
GlowGenix Senior Cream,Haircare,GlowGenix,5,Increase guy performance property white name window.,2025-05-23,Paraguay,"Aloe Vera, Glycerin",55+,Female
Skinology Adult Cream,Haircare,GlowGenix,2,Should your seem scientist any live send evidence book professor house hotel issue.,2024-06-11,Andorra,"Retinol, Niacinamide, Green Tea, Charcoal, Glycerin",25-34,Other
PureBliss Nearly Cream,Skincare,PureBliss,3,Space something from need Republican technology and.,2024-07-04,China,"Aloe Vera, Hyaluronic Acid",18-24,Female
Skinology Start Cream,Makeup,Skinology,5,Dream cost individual decade project game guy account ask significant citizen very nation main business rather.,2025-02-03,Guyana,"Hyaluronic Acid, Charcoal, Tea Tree Oil, Green Tea",55+,Other
Beautiva End Cream,Haircare,Beautiva,5,West community check one become produce southern new use information show either visit stock high.,2023-09-18,Russian Federation,"Retinol, Niacinamide",25-34,Female
GlowGenix Both Cream,Skincare,Dermatique,3,Marriage offer another attorney particular marriage institution health middle or general capital sea.,2024-09-09,United Kingdom,"Retinol, Aloe Vera, Collagen, Green Tea, Glycerin",45-54,Female
Beautiva Camera Cream,Skincare,GlowGenix,1,Blue reach she about together protect generation development however gun possible door production what outside since.,2023-09-26,Tonga,"Retinol, Glycerin, Aloe Vera, Niacinamide, Charcoal",45-54,Other
GlowGenix Popular Cream,Fragrance,GlowGenix,1,Institution next care really perform language address still.,2023-08-18,Liberia,"Vitamin C, Charcoal, Hyaluronic Acid",25-34,Male
GlowGenix Partner Cream,Bodycare,Beautiva,4,Often feeling too red some player small draw wonder build.,2023-07-14,Belgium,"Collagen, Charcoal, Hyaluronic Acid, Vitamin C",18-24,Male
Skinology Key Cream,Bodycare,PureBliss,2,Main only read voice church truth strong talk by.,2024-05-04,Peru,"Tea Tree Oil, Glycerin, Aloe Vera",45-54,Male
Dermatique Base Cream,Skincare,Beautiva,5,Worry wall husband wear television boy natural paper story born eight fact.,2025-04-28,New Zealand,"Retinol, Niacinamide",35-44,Male
Dermatique Tree Cream,Bodycare,Skinology,5,Current leg building specific friend remain level away fast.,2024-10-21,Bolivia,"Tea Tree Oil, Glycerin, Green Tea, Vitamin C",18-24,Other
PureBliss Environment Cream,Skincare,Skinology,1,Ability but themselves instead all window now like door interview.,2024-11-18,Peru,"Charcoal, Aloe Vera, Glycerin, Tea Tree Oil",35-44,Other
GlowGenix Situation Cream,Bodycare,GlowGenix,2,Believe summer foreign wear poor research medical expect free than organization country.,2023-11-17,Gibraltar,"Collagen, Retinol, Tea Tree Oil",18-24,Other
PureBliss Design Cream,Haircare,Dermatique,1,Beyond might morning building with make management service wide.,2024-02-28,Burkina Faso,"Aloe Vera, Vitamin C, Hyaluronic Acid, Retinol, Charcoal",25-34,Male
GlowGenix Month Cream,Fragrance,Skinology,4,Including very tough speech time Republican knowledge citizen.,2024-03-20,Greenland,"Hyaluronic Acid, Retinol, Vitamin C, Collagen, Green Tea",18-24,Male
Beautiva State Cream,Haircare,Skinology,2,Many state door approach table focus magazine quickly process action.,2023-09-06,Guam,"Collagen, Glycerin, Charcoal, Vitamin C, Tea Tree Oil",35-44,Male
PureBliss Keep Cream,Fragrance,PureBliss,2,By shake wish expect question heavy him.,2025-02-11,Korea,"Collagen, Niacinamide, Green Tea, Glycerin, Charcoal",25-34,Male
Beautiva Watch Cream,Haircare,Dermatique,5,Possible economy new opportunity one world last pay anyone.,2025-01-07,Palau,"Hyaluronic Acid, Niacinamide, Aloe Vera",25-34,Female
GlowGenix Nothing Cream,Haircare,Dermatique,4,Prove production your line away beat information capital market ago high agency sport avoid former.,2024-05-01,Nauru,"Niacinamide, Charcoal, Green Tea, Hyaluronic Acid",45-54,Male
GlowGenix Administration Cream,Haircare,PureBliss,3,Boy two face section information believe boy store his although.,2023-12-29,Saudi Arabia,"Vitamin C, Collagen, Green Tea, Niacinamide, Retinol",55+,Female
PureBliss Federal Cream,Fragrance,PureBliss,3,Attention factor professional loss entire daughter might worker poor federal look if buy between.,2024-09-27,Kenya,"Charcoal, Green Tea, Aloe Vera",18-24,Other
Dermatique Ever Cream,Haircare,PureBliss,3,Player really special seek recent though beyond main.,2023-07-25,Reunion,"Hyaluronic Acid, Vitamin C",55+,Female
Beautiva Many Cream,Makeup,PureBliss,1,Tell choose course information score rich official worker with Republican care guy but.,2024-09-22,Kiribati,"Glycerin, Hyaluronic Acid, Charcoal",25-34,Male
GlowGenix Like Cream,Bodycare,Dermatique,1,Old recently feel voice practice imagine physical law senior team heavy I view.,2023-08-24,Zambia,"Vitamin C, Tea Tree Oil",45-54,Other
Skinology Range Cream,Makeup,GlowGenix,4,Effort concern physical work may contain phone ability notice news him small mind improve blue.,2024-12-09,Egypt,"Collagen, Retinol",18-24,Female
Skinology Contain Cream,Fragrance,Skinology,3,Stop course listen stuff impact statement marriage card win know store education item right.,2023-07-27,French Southern Territories,"Vitamin C, Tea Tree Oil",45-54,Male
Dermatique Foreign Cream,Fragrance,Dermatique,3,Mean seek garden card total fly only somebody reflect resource bill list same.,2024-02-15,Macedonia,"Glycerin, Tea Tree Oil, Vitamin C, Retinol",55+,Female
GlowGenix Expect Cream,Haircare,GlowGenix,3,Product authority go manager kitchen money election PM society people figure after.,2025-04-20,Lebanon,"Vitamin C, Aloe Vera, Glycerin, Charcoal, Niacinamide",18-24,Male
Beautiva Last Cream,Fragrance,GlowGenix,5,Society science quality party relationship it sit seem professional.,2024-02-06,Chad,"Tea Tree Oil, Green Tea, Vitamin C, Retinol, Collagen",18-24,Other
PureBliss Reduce Cream,Haircare,PureBliss,5,There cell eye finally question heart staff go side dream push day bar.,2025-06-24,Antarctica (the territory South of 60 deg S),"Collagen, Charcoal, Hyaluronic Acid, Vitamin C, Glycerin",35-44,Male
Dermatique Price Cream,Fragrance,Beautiva,4,Course there nearly enter generation discover happen test feeling wide produce he movement member single.,2023-07-26,Mauritius,"Aloe Vera, Niacinamide",45-54,Female
PureBliss Able Cream,Bodycare,Dermatique,2,Rate trial firm campaign deal hospital happy do leave himself those win.,2025-03-15,Holy See (Vatican City State),"Aloe Vera, Collagen",55+,Female
Beautiva Candidate Cream,Haircare,GlowGenix,5,Organization team experience under season enter voice myself hot pass huge.,2024-11-21,Grenada,"Collagen, Glycerin",55+,Other
Skinology Staff Cream,Makeup,PureBliss,5,Window place religious member response you thing much work among make box act process each price.,2023-11-03,Guinea,"Glycerin, Green Tea",55+,Male
PureBliss Front Cream,Bodycare,GlowGenix,2,Meet church key second space house near affect step this bag own view couple.,2023-09-08,Liberia,"Hyaluronic Acid, Niacinamide, Vitamin C, Glycerin, Retinol",55+,Male
Skinology Go Cream,Haircare,GlowGenix,1,Letter health sport time begin any see start whatever glass character policy.,2024-10-29,Rwanda,"Charcoal, Retinol, Aloe Vera, Tea Tree Oil",55+,Male
Beautiva Brother Cream,Makeup,Beautiva,1,Interview travel head pay there break apply.,2023-08-24,United States of America,"Aloe Vera, Charcoal",35-44,Male
GlowGenix This Cream,Haircare,Skinology,2,Reality modern method brother foreign whose usually.,2025-03-24,Bhutan,"Glycerin, Hyaluronic Acid",25-34,Other
PureBliss Service Cream,Makeup,Skinology,2,Field news sort there better whatever probably against option effect scientist.,2023-07-17,Mozambique,"Hyaluronic Acid, Collagen, Tea Tree Oil, Aloe Vera, Vitamin C",45-54,Female
Skinology Everyone Cream,Bodycare,Skinology,1,Order he leader option home least must eye.,2025-02-09,Kazakhstan,"Collagen, Vitamin C, Charcoal, Hyaluronic Acid, Niacinamide",35-44,Other
Dermatique Although Cream,Bodycare,Skinology,4,Heart oil want join board create produce since most street dinner.,2025-01-20,Mali,"Tea Tree Oil, Hyaluronic Acid",55+,Female
PureBliss Assume Cream,Skincare,GlowGenix,5,Hot fear great stop customer have skill improve day strategy impact sit.,2024-07-24,Burkina Faso,"Charcoal, Retinol, Tea Tree Oil, Collagen",18-24,Female
Dermatique Plan Cream,Bodycare,GlowGenix,5,After thousand three under more seek method side practice thousand office various drop.,2025-02-01,Liechtenstein,"Vitamin C, Tea Tree Oil, Collagen",55+,Male
Dermatique Technology Cream,Skincare,PureBliss,2,Blood why line participant surface understand sister hair reveal account stuff assume north something position total.,2023-09-03,Spain,"Retinol, Tea Tree Oil",35-44,Female
Beautiva Easy Cream,Makeup,PureBliss,3,Happy media theory ask their area save foot down indeed course.,2023-07-11,Zambia,"Vitamin C, Charcoal, Retinol",18-24,Female
Beautiva Air Cream,Fragrance,Dermatique,4,Wish language style when early professor travel can include memory large.,2024-08-20,Dominica,"Aloe Vera, Charcoal, Hyaluronic Acid, Retinol, Tea Tree Oil",18-24,Other
Beautiva Hand Cream,Fragrance,Skinology,1,Responsibility though history glass government religious material many everything yeah.,2024-04-16,Saudi Arabia,"Hyaluronic Acid, Glycerin",55+,Male
PureBliss Clearly Cream,Skincare,Beautiva,4,Cultural use address parent education billion return official watch conference put.,2024-11-28,Mongolia,"Green Tea, Glycerin, Niacinamide, Aloe Vera, Vitamin C",35-44,Male
PureBliss Step Cream,Haircare,PureBliss,4,Individual lay only job great carry including yeah while writer.,2023-08-09,Madagascar,"Charcoal, Tea Tree Oil, Vitamin C",25-34,Female
Skinology Song Cream,Haircare,Skinology,1,Set small here summer Democrat indicate although ability plan picture daughter those.,2025-06-14,Mali,"Green Tea, Collagen, Niacinamide, Glycerin, Aloe Vera",18-24,Female
GlowGenix Eye Cream,Fragrance,Beautiva,2,Box medical subject bed myself north dream set become move international dog tend.,2025-04-22,Jersey,"Hyaluronic Acid, Tea Tree Oil, Glycerin",55+,Male
PureBliss Quickly Cream,Haircare,Dermatique,3,Buy across miss recognize side wide back leader business listen move visit.,2023-11-12,Kyrgyz Republic,"Aloe Vera, Niacinamide, Hyaluronic Acid",45-54,Female
GlowGenix News Cream,Bodycare,Dermatique,5,Learn room TV development manage generation letter draw skin.,2025-05-08,Iran,"Charcoal, Vitamin C, Retinol",55+,Female
PureBliss Turn Cream,Bodycare,Beautiva,5,Key step nearly success southern reveal color point turn crime laugh treat myself reach.,2023-09-15,Estonia,"Vitamin C, Niacinamide, Collagen, Retinol",35-44,Female
Beautiva Town Cream,Bodycare,Skinology,4,Owner score instead maybe either former government government account believe rule wish citizen.,2024-09-05,Gibraltar,"Vitamin C, Hyaluronic Acid, Charcoal, Aloe Vera, Green Tea",55+,Female
Beautiva Very Cream,Bodycare,Dermatique,4,Food through use one themselves media quickly room over suddenly window between.,2024-06-10,Kenya,"Hyaluronic Acid, Vitamin C, Retinol, Green Tea, Glycerin",25-34,Male
Dermatique Especially Cream,Bodycare,PureBliss,3,Write several answer lead need its American next within Republican international only.,2024-01-11,Brunei Darussalam,"Retinol, Hyaluronic Acid, Charcoal, Vitamin C",35-44,Male
Skinology Understand Cream,Skincare,GlowGenix,3,Ball argue site a food threat picture.,2024-11-04,Solomon Islands,"Tea Tree Oil, Glycerin, Green Tea, Hyaluronic Acid",25-34,Male
Beautiva Room Cream,Haircare,Beautiva,5,City nothing billion material day get pick seek program own effect traditional professional have.,2025-01-24,Turkmenistan,"Aloe Vera, Retinol, Niacinamide, Collagen, Charcoal",35-44,Male
PureBliss Later Cream,Haircare,PureBliss,2,Business hospital can western political different society just people huge life until management maybe thousand.,2025-07-04,Saudi Arabia,"Aloe Vera, Vitamin C, Collagen",25-34,Other
Dermatique Either Cream,Bodycare,PureBliss,2,Scientist last nearly note them enter significant but reflect former factor sure.,2025-06-12,Afghanistan,"Niacinamide, Glycerin",55+,Male
Skinology Call Cream,Haircare,GlowGenix,4,Recently without manager listen evening east serve agree window main north if.,2023-08-28,Grenada,"Niacinamide, Vitamin C",25-34,Female
PureBliss Season Cream,Skincare,PureBliss,4,Sound contain when TV arrive get style several.,2025-05-19,Belarus,"Hyaluronic Acid, Collagen, Retinol, Vitamin C",25-34,Other
GlowGenix Else Cream,Makeup,PureBliss,2,Office positive cultural when apply local gas economic fine pressure affect source view theory police successful.,2024-09-28,Korea,"Glycerin, Niacinamide, Aloe Vera, Retinol",55+,Female
Dermatique Enter Cream,Fragrance,PureBliss,2,Foot real personal prevent respond service than item risk.,2025-05-30,Taiwan,"Tea Tree Oil, Collagen, Hyaluronic Acid, Glycerin, Retinol",35-44,Other
GlowGenix Sense Cream,Skincare,PureBliss,2,Safe majority still she focus live value artist policy.,2025-03-13,Bosnia and Herzegovina,"Niacinamide, Tea Tree Oil, Hyaluronic Acid, Glycerin, Retinol",55+,Female
Skinology Institution Cream,Skincare,Skinology,3,Case detail remember work begin girl doctor no determine me off physical.,2023-11-08,Pitcairn Islands,"Niacinamide, Hyaluronic Acid",45-54,Other
Dermatique President Cream,Bodycare,Beautiva,3,Treatment significant authority outside easy too field owner.,2024-02-16,Haiti,"Hyaluronic Acid, Charcoal",25-34,Female
Beautiva Pick Cream,Fragrance,PureBliss,1,Old himself alone fight attack take executive girl although.,2024-10-18,Netherlands,"Tea Tree Oil, Green Tea, Hyaluronic Acid, Vitamin C, Niacinamide",35-44,Other
PureBliss Organization Cream,Fragrance,Beautiva,1,Employee beat such wonder spring effect upon true father recent return reach human enough almost.,2025-03-18,Slovakia (Slovak Republic),"Niacinamide, Glycerin, Charcoal",18-24,Female
GlowGenix Majority Cream,Skincare,GlowGenix,3,Smile push surface senior environmental weight more still case region reason this job in.,2025-03-14,Liechtenstein,"Collagen, Green Tea, Glycerin",55+,Male
GlowGenix Here Cream,Skincare,GlowGenix,4,Citizen poor decade their model his look bed woman line support still not individual.,2024-10-30,Malaysia,"Glycerin, Vitamin C",55+,Female
GlowGenix Response Cream,Bodycare,Skinology,2,Exactly bag teach of necessary food dog already only.,2023-09-10,Grenada,"Collagen, Tea Tree Oil",45-54,Male
GlowGenix Debate Cream,Skincare,Skinology,1,Commercial challenge fight enjoy difficult kid only ago discover commercial.,2024-05-14,Saint Barthelemy,"Vitamin C, Green Tea, Tea Tree Oil, Aloe Vera",45-54,Other
Skinology Tv Cream,Makeup,Dermatique,1,Leader free bit identify market once focus threat ground determine assume.,2024-03-13,Afghanistan,"Glycerin, Vitamin C, Aloe Vera, Retinol, Collagen",35-44,Female
GlowGenix Democratic Cream,Fragrance,GlowGenix,4,Campaign meet require attention everything picture enter figure gas another her five drug identify.,2024-03-23,Denmark,"Charcoal, Glycerin, Niacinamide",35-44,Other
GlowGenix Allow Cream,Fragrance,GlowGenix,5,Member until compare can citizen owner or Republican mother truth wide late garden most lot.,2023-10-25,Moldova,"Glycerin, Tea Tree Oil, Vitamin C, Hyaluronic Acid",35-44,Male
Dermatique Try Cream,Bodycare,Beautiva,2,Support tough rate option determine nothing success generation.,2025-02-09,Argentina,"Charcoal, Glycerin",55+,Male
GlowGenix Owner Cream,Skincare,Dermatique,5,Cause across tell political gun question still bit large between or change wonder trade.,2023-11-28,Iceland,"Green Tea, Charcoal, Retinol, Collagen",45-54,Female
PureBliss Interview Cream,Makeup,GlowGenix,2,Try who full seat start view note.,2023-09-09,Saint Pierre and Miquelon,"Retinol, Glycerin, Tea Tree Oil, Green Tea, Hyaluronic Acid",18-24,Other
PureBliss Base Cream,Bodycare,Dermatique,2,Point bit value either style sit rise measure appear Mrs attack pick serve.,2024-12-30,Puerto Rico,"Charcoal, Tea Tree Oil, Aloe Vera, Glycerin, Retinol",25-34,Male
PureBliss Hard Cream,Haircare,PureBliss,1,Month even view against worry action plant nature forget offer.,2023-07-19,Germany,"Collagen, Glycerin",18-24,Male
PureBliss The Cream,Haircare,Dermatique,1,Somebody resource general turn system effect save rich public all.,2025-03-15,India,"Glycerin, Charcoal",25-34,Female
GlowGenix Wind Cream,Haircare,Beautiva,3,Already many risk choice player away student series discover theory pressure officer.,2024-02-07,Reunion,"Collagen, Glycerin",25-34,Other
PureBliss Pretty Cream,Bodycare,Dermatique,4,Wind owner discuss work how age figure rock.,2024-10-25,Ethiopia,"Collagen, Hyaluronic Acid",35-44,Female
Beautiva Tell Cream,Haircare,PureBliss,4,Indeed area trial specific once human teach picture left local statement in owner.,2023-08-05,Namibia,"Collagen, Retinol, Tea Tree Oil, Niacinamide, Aloe Vera",25-34,Male
PureBliss Network Cream,Makeup,PureBliss,4,Machine community agent rock light skill article more cause short.,2024-04-23,Brazil,"Retinol, Collagen, Vitamin C, Glycerin",25-34,Female
Dermatique Represent Cream,Makeup,Skinology,1,Notice government resource may central management on star song yeah smile above civil attorney early end.,2023-11-06,Montenegro,"Collagen, Green Tea, Hyaluronic Acid, Niacinamide, Aloe Vera",35-44,Other
GlowGenix Sign Cream,Fragrance,Beautiva,4,Open art issue whose defense southern return reflect several when apply few parent.,2024-03-11,India,"Tea Tree Oil, Retinol",18-24,Female
GlowGenix Despite Cream,Fragrance,Dermatique,2,Mrs near that blood without hundred approach good.,2025-05-03,Central African Republic,"Collagen, Aloe Vera, Tea Tree Oil, Vitamin C",25-34,Male
Dermatique Must Cream,Makeup,Dermatique,1,Help old minute where probably case similar pick analysis continue production far.,2025-04-27,Svalbard & Jan Mayen Islands,"Tea Tree Oil, Aloe Vera, Glycerin, Retinol, Niacinamide",35-44,Male
PureBliss Adult Cream,Skincare,Dermatique,3,Good culture onto reveal bar environmental form less.,2024-01-03,Korea,"Retinol, Green Tea",35-44,Male
Beautiva Develop Cream,Makeup,PureBliss,2,Human lose cost say control politics prevent card member list administration by window street hospital.,2025-06-07,Bahamas,"Hyaluronic Acid, Charcoal, Aloe Vera, Niacinamide",55+,Other
Beautiva Side Cream,Makeup,PureBliss,1,Want certainly ever choice bring data voice loss may toward study price.,2023-12-04,Barbados,"Hyaluronic Acid, Niacinamide, Tea Tree Oil",55+,Female
Beautiva Community Cream,Haircare,GlowGenix,5,Rich mouth yeah together off record free push material become hold.,2025-02-10,Cape Verde,"Charcoal, Tea Tree Oil, Aloe Vera, Niacinamide",35-44,Other
PureBliss Officer Cream,Fragrance,Skinology,2,Letter soon window very pressure nearly pretty address common simple.,2023-08-18,Cape Verde,"Retinol, Vitamin C, Green Tea, Charcoal, Glycerin",45-54,Male
Beautiva Various Cream,Makeup,PureBliss,5,Already look break member trouble white break world realize father issue us west choice among.,2024-07-17,Comoros,"Niacinamide, Hyaluronic Acid",35-44,Female
PureBliss By Cream,Skincare,Dermatique,3,Need as cell prevent late interesting unit allow watch common buy man grow.,2024-01-02,Cameroon,"Retinol, Hyaluronic Acid, Niacinamide, Glycerin, Vitamin C",18-24,Other
Dermatique May Cream,Haircare,Skinology,2,Career could prepare its these firm marriage forget watch during on wait short.,2024-01-18,Eritrea,"Tea Tree Oil, Retinol, Collagen",45-54,Female
GlowGenix Them Cream,Makeup,Skinology,1,Feel health suggest language raise administration woman return material.,2025-04-20,Mexico,"Retinol, Hyaluronic Acid",55+,Male
Dermatique Reduce Cream,Fragrance,Dermatique,2,Various despite financial nearly office skin alone time case win focus hit growth.,2023-08-02,Luxembourg,"Niacinamide, Collagen, Charcoal, Hyaluronic Acid, Glycerin",45-54,Other
PureBliss Five Cream,Fragrance,PureBliss,3,Through hand deal thought window approach lose visit though property hot matter.,2025-03-29,Ecuador,"Collagen, Green Tea",18-24,Female
Skinology Picture Cream,Bodycare,GlowGenix,1,Major you officer carry special significant wrong.,2025-02-26,Bulgaria,"Aloe Vera, Green Tea, Glycerin, Vitamin C",45-54,Other
Skinology Inside Cream,Fragrance,GlowGenix,2,Head marriage over tell evening anything officer view director blood.,2024-12-05,Nigeria,"Vitamin C, Charcoal, Aloe Vera, Collagen",35-44,Female
Beautiva Police Cream,Haircare,Dermatique,5,Situation plant window list prove market staff scene gas past between.,2025-05-28,Lithuania,"Niacinamide, Green Tea",45-54,Other
Dermatique Structure Cream,Skincare,PureBliss,3,Hot station station reach mission environment everything likely medical suggest forget large understand local.,2025-01-23,Andorra,"Glycerin, Collagen, Aloe Vera, Retinol",55+,Female
GlowGenix Generation Cream,Bodycare,Dermatique,2,None impact reduce likely ok present idea ever challenge development Republican phone book rich whole hit.,2024-08-09,Timor-Leste,"Charcoal, Aloe Vera",35-44,Male
Dermatique Reflect Cream,Bodycare,Beautiva,1,Firm enjoy wife collection successful American think his take close.,2024-09-27,Ireland,"Charcoal, Green Tea, Glycerin, Niacinamide",25-34,Female
Skinology More Cream,Bodycare,PureBliss,5,Mr reduce computer hour wonder three born beautiful music debate to maintain kitchen support.,2024-02-06,Macao,"Charcoal, Retinol, Aloe Vera, Tea Tree Oil, Vitamin C",18-24,Male
GlowGenix Those Cream,Skincare,Beautiva,3,Bring professor people account serve school five property daughter role current along so face well.,2024-11-29,France,"Retinol, Collagen, Hyaluronic Acid, Vitamin C",25-34,Female
Dermatique Work Cream,Haircare,Skinology,1,Development street apply thought new forward between within involve defense religious stage movie cultural.,2024-11-16,Macedonia,"Vitamin C, Niacinamide, Hyaluronic Acid, Retinol",35-44,Other
PureBliss Item Cream,Skincare,Skinology,2,Commercial author could other child wife each them real tree.,2024-03-21,Cameroon,"Vitamin C, Retinol",55+,Female
Skinology Hot Cream,Skincare,Dermatique,2,Many only heart strong kitchen watch culture.,2024-11-19,Ecuador,"Retinol, Tea Tree Oil",25-34,Other
Dermatique Really Cream,Haircare,PureBliss,2,Finally evening friend movie add adult training great example research mouth month now deal.,2024-10-23,Malaysia,"Glycerin, Green Tea, Niacinamide, Tea Tree Oil, Hyaluronic Acid",35-44,Other
Beautiva Guess Cream,Skincare,Skinology,5,Trip break final news scientist none occur field word imagine value administration and.,2023-12-05,Brunei Darussalam,"Collagen, Hyaluronic Acid, Vitamin C, Green Tea",18-24,Other
Dermatique Behind Cream,Haircare,PureBliss,1,Head more different break process region ten media second have edge manager.,2023-07-31,Turkey,"Collagen, Green Tea, Tea Tree Oil, Aloe Vera, Glycerin",18-24,Female
Dermatique Gas Cream,Bodycare,PureBliss,2,Peace anyone itself help visit space amount force energy Mr score maybe alone.,2024-02-28,Turkmenistan,"Hyaluronic Acid, Green Tea",55+,Other
Dermatique My Cream,Haircare,GlowGenix,3,Recognize culture president before south late list world close because onto your generation network of thing.,2024-04-04,Bolivia,"Charcoal, Retinol, Hyaluronic Acid",35-44,Female
Dermatique Standard Cream,Haircare,Skinology,1,Special space about throughout beyond next stay ready.,2023-11-29,United States Minor Outlying Islands,"Vitamin C, Tea Tree Oil, Green Tea, Glycerin",35-44,Female
Skinology Cold Cream,Skincare,GlowGenix,5,Mention might general enjoy bit watch officer size hour voice age health might.,2024-08-24,Georgia,"Tea Tree Oil, Vitamin C",25-34,Female
Dermatique Next Cream,Fragrance,PureBliss,5,Across peace lead goal from yard although couple could.,2025-02-03,Djibouti,"Glycerin, Tea Tree Oil, Hyaluronic Acid, Vitamin C, Green Tea",35-44,Male
GlowGenix Put Cream,Haircare,GlowGenix,3,Simple art generation shake wrong brother sign section consider certain police may major recently.,2024-06-06,Tajikistan,"Tea Tree Oil, Retinol, Aloe Vera",55+,Female
PureBliss Sing Cream,Skincare,GlowGenix,4,For information dog contain little eat serve life either process radio long way hotel.,2025-05-10,Nepal,"Charcoal, Vitamin C, Green Tea, Collagen, Retinol",25-34,Female
Skinology It Cream,Haircare,PureBliss,4,Couple again section remember employee same sell its toward everybody year able computer.,2024-06-01,Heard Island and McDonald Islands,"Retinol, Charcoal, Green Tea, Collagen, Aloe Vera",35-44,Other
PureBliss Much Cream,Fragrance,Dermatique,1,Interesting citizen particular chair management within structure camera church seek already low rock floor threat here.,2024-05-03,Australia,"Collagen, Charcoal",25-34,Other
GlowGenix Summer Cream,Bodycare,Beautiva,5,Nature camera throw statement between glass artist shoulder clearly wait art either wish.,2024-02-15,Jamaica,"Vitamin C, Niacinamide, Tea Tree Oil, Glycerin",35-44,Other
Dermatique Although Cream,Bodycare,PureBliss,5,Style window body popular today offer soon treatment away employee end though itself.,2023-11-23,Congo,"Charcoal, Niacinamide, Hyaluronic Acid, Retinol, Tea Tree Oil",45-54,Male
GlowGenix Paper Cream,Haircare,Skinology,3,Clearly family power property people law together police man Republican including side see her just.,2025-05-08,Azerbaijan,"Tea Tree Oil, Vitamin C, Hyaluronic Acid, Charcoal, Retinol",35-44,Other
